<metadata xml:lang="en"><Esri><CreaDate>20160310</CreaDate><CreaTime>09102000</CreaTime><ArcGISFormat>1.0</ArcGISFormat><ArcGISstyle>FGDC CSDGM Metadata</ArcGISstyle><SyncOnce>FALSE</SyncOnce><DataProperties><lineage><Process ToolSource="c:\program files (x86)\arcgis\desktop10.3\ArcToolbox\Toolboxes\Data Management Tools.tbx\CalculateField" Date="20160204" Time="113550" Name="" export="">CalculateField Place_USA_newPlaceCodes_newXY_Values_Too NAME "Anniston Northwest (U)" VB #</Process><Process ToolSource="c:\program files (x86)\arcgis\desktop10.3\ArcToolbox\Toolboxes\Data Management Tools.tbx\CalculateField" Date="20160204" Time="113613" Name="" export="">CalculateField Place_USA_newPlaceCodes_newXY_Values_Too Notes "Anniston Northwest (1970) became Saks CDP in 1980 and beyond (confirmed by 1980 Census documentation)" VB #</Process><Process ToolSource="c:\program files (x86)\arcgis\desktop10.3\ArcToolbox\Toolboxes\Data Management Tools.tbx\CalculateField" Date="20160205" Time="131736" Name="" export="">CalculateField Place_USA_newPlaceCodes_newXY_Values_Too Exists2012 1 VB #</Process><Process ToolSource="c:\program files (x86)\arcgis\desktop10.3\ArcToolbox\Toolboxes\Data Management Tools.tbx\CalculateField" Date="20160205" Time="133056" Name="" export="">CalculateField Place_USA_newPlaceCodes_newXY_Values_Too Exists2010 1 VB #</Process><Process ToolSource="c:\program files (x86)\arcgis\desktop10.3\ArcToolbox\Toolboxes\Data Management Tools.tbx\CalculateField" Date="20160205" Time="133944" Name="" export="">CalculateField Place_USA_newPlaceCodes_newXY_Values_Too Exists2000 1 VB #</Process><Process ToolSource="c:\program files (x86)\arcgis\desktop10.3\ArcToolbox\Toolboxes\Data Management Tools.tbx\CalculateField" Date="20160205" Time="140316" Name="" export="">CalculateField Place_USA_newPlaceCodes_newXY_Values_Too Exists1990 1 VB #</Process><Process ToolSource="c:\program files (x86)\arcgis\desktop10.3\ArcToolbox\Toolboxes\Data Management Tools.tbx\CalculateField" Date="20160205" Time="140643" Name="" export="">CalculateField Place_USA_newPlaceCodes_newXY_Values_Too Exists1980 1 VB #</Process><Process ToolSource="c:\program files (x86)\arcgis\desktop10.3\ArcToolbox\Toolboxes\Data Management Tools.tbx\CalculateField" Date="20160209" Time="135728" Name="" export="">CalculateField Place_USA_newPlaceCodes_newXY_Values_Too NHGISST Mid( [NewGISJOIN10Digit],2,3 ) VB #</Process><Process ToolSource="c:\program files (x86)\arcgis\desktop10.3\ArcToolbox\Toolboxes\Data Management Tools.tbx\CalculateField" Date="20160209" Time="141247" Name="" export="">CalculateField Place_USA_newPlaceCodes_newXY_Values_Too NHGISST_2 "Left( [NHGISST],2 ) &amp; "5"" VB #</Process><Process ToolSource="c:\program files (x86)\arcgis\desktop10.3\ArcToolbox\Toolboxes\Data Management Tools.tbx\CalculateField" Date="20160209" Time="144604" Name="" export="">CalculateField Place_USA_newPlaceCodes_newXY_Values_Too Notes "" VB #</Process><Process ToolSource="c:\program files (x86)\arcgis\desktop10.3\ArcToolbox\Toolboxes\Data Management Tools.tbx\CalculateField" Date="20160209" Time="145013" Name="" export="">CalculateField Place_USA_newPlaceCodes_newXY_Values_Too NHGISST_3 "178" VB #</Process><Process ToolSource="c:\program files (x86)\arcgis\desktop10.3\ArcToolbox\Toolboxes\Data Management Tools.tbx\CalculateField" Date="20160209" Time="150012" Name="" export="">CalculateField Place_USA_newPlaceCodes_newXY_Values_Too STATE_2 "Alaska Territory" VB #</Process><Process ToolSource="c:\program files (x86)\arcgis\desktop10.3\ArcToolbox\Toolboxes\Data Management Tools.tbx\CalculateField" Date="20160209" Time="150059" Name="" export="">CalculateField Place_USA_newPlaceCodes_newXY_Values_Too STATE_2 "Arizona Territory" VB #</Process><Process ToolSource="c:\program files (x86)\arcgis\desktop10.3\ArcToolbox\Toolboxes\Data Management Tools.tbx\CalculateField" Date="20160209" Time="150116" Name="" export="">CalculateField Place_USA_newPlaceCodes_newXY_Values_Too STATE_2 "Hawaii Territory" VB #</Process><Process ToolSource="c:\program files (x86)\arcgis\desktop10.3\ArcToolbox\Toolboxes\Data Management Tools.tbx\CalculateField" Date="20160209" Time="150151" Name="" export="">CalculateField Place_USA_newPlaceCodes_newXY_Values_Too STATE_2 "New Mexico Territory" VB #</Process><Process ToolSource="c:\program files (x86)\arcgis\desktop10.3\ArcToolbox\Toolboxes\Data Management Tools.tbx\CalculateField" Date="20160209" Time="150214" Name="" export="">CalculateField Place_USA_newPlaceCodes_newXY_Values_Too STATE_2 "Oklahoma Territory" VB #</Process><Process ToolSource="c:\program files (x86)\arcgis\desktop10.3\ArcToolbox\Toolboxes\Data Management Tools.tbx\CalculateField" Date="20160209" Time="150301" Name="" export="">CalculateField Place_USA_newPlaceCodes_newXY_Values_Too State_3 "Indian Territory" VB #</Process><Process ToolSource="c:\program files (x86)\arcgis\desktop10.3\ArcToolbox\Toolboxes\Data Management Tools.tbx\CalculateField" Date="20160209" Time="161407" Name="" export="">CalculateField Place_USA_newPlaceCodes_newXY_Values_Too NewGISJOIN10Digit "G020626200" VB #</Process><Process ToolSource="c:\program files (x86)\arcgis\desktop10.3\ArcToolbox\Toolboxes\Data Management Tools.tbx\CalculateField" Date="20160210" Time="101406" Name="" export="">CalculateField Place_USA_newPlaceCodes_newXY_Values_Too GJOIN2010 [GISJOIN] VB #</Process><Process ToolSource="c:\program files (x86)\arcgis\desktop10.3\ArcToolbox\Toolboxes\Data Management Tools.tbx\CalculateField" Date="20160210" Time="103221" Name="" export="">CalculateField Place_USA_newPlaceCodes_newXY_Values_Too GJOIN2000 [GISJOIN] VB #</Process><Process ToolSource="c:\program files (x86)\arcgis\desktop10.3\ArcToolbox\Toolboxes\Data Management Tools.tbx\CalculateField" Date="20160210" Time="105057" Name="" export="">CalculateField Place_USA_newPlaceCodes_newXY_Values_Too GJOIN1990 [GISJOIN] VB #</Process><Process ToolSource="c:\program files (x86)\arcgis\desktop10.3\ArcToolbox\Toolboxes\Data Management Tools.tbx\CalculateField" Date="20160210" Time="111155" Name="" export="">CalculateField Place_USA_newPlaceCodes_newXY_Values_Too GJOIN1980 [GISJOIN] VB #</Process><Process ToolSource="c:\program files (x86)\arcgis\desktop10.3\ArcToolbox\Toolboxes\Data Management Tools.tbx\CalculateField" Date="20160210" Time="112857" Name="" export="">CalculateField Place_USA_newPlaceCodes_newXY_Values_Too Temp1980Join "[NAME1980] &amp; " - " &amp; [STATE]" VB #</Process><Process ToolSource="c:\program files (x86)\arcgis\desktop10.3\ArcToolbox\Toolboxes\Data Management Tools.tbx\CalculateField" Date="20160210" Time="114026" Name="" export="">CalculateField Place_USA_newPlaceCodes_newXY_Values_Too GJOIN1980 "G4205378" VB #</Process><Process ToolSource="c:\program files (x86)\arcgis\desktop10.3\ArcToolbox\Toolboxes\Data Management Tools.tbx\CalculateField" Date="20160210" Time="122036" Name="" export="">CalculateField Place_USA_newPlaceCodes_newXY_Values_Too Temp1970Join "[NAME1970] &amp; " - " &amp; [STATE]" VB #</Process><Process ToolSource="c:\program files (x86)\arcgis\desktop10.3\ArcToolbox\Toolboxes\Data Management Tools.tbx\CalculateField" Date="20160210" Time="122139" Name="" export="">CalculateField Place_USA_newPlaceCodes_newXY_Values_Too Temp1970Join "[PLACE] &amp; " - " &amp; [STATE]" VB #</Process><Process ToolSource="c:\program files (x86)\arcgis\desktop10.3\ArcToolbox\Toolboxes\Data Management Tools.tbx\CalculateField" Date="20160210" Time="122902" Name="" export="">CalculateField Place_USA_newPlaceCodes_newXY_Values_Too Temp1970Join "[NAME1970] &amp; " - " &amp; [STATE]" VB #</Process><Process ToolSource="c:\program files (x86)\arcgis\desktop10.3\ArcToolbox\Toolboxes\Data Management Tools.tbx\CalculateField" Date="20160210" Time="123452" Name="" export="">CalculateField Place_USA_newPlaceCodes_newXY_Values_Too GJOIN1970 [GISJOIN] VB #</Process><Process ToolSource="c:\program files (x86)\arcgis\desktop10.3\ArcToolbox\Toolboxes\Data Management Tools.tbx\CalculateField" Date="20160210" Time="123716" Name="" export="">CalculateField Place_USA_newPlaceCodes_newXY_Values_Too Temp1970Join "[NAME] &amp; " - " &amp; [STATE]" VB #</Process><Process ToolSource="c:\program files (x86)\arcgis\desktop10.3\ArcToolbox\Toolboxes\Data Management Tools.tbx\CalculateField" Date="20160210" Time="123726" Name="" export="">CalculateField Place_USA_newPlaceCodes_newXY_Values_Too Temp1970Join "[NAME] &amp; " - " &amp; [STATE]" VB #</Process><Process ToolSource="c:\program files (x86)\arcgis\desktop10.3\ArcToolbox\Toolboxes\Data Management Tools.tbx\CalculateField" Date="20160210" Time="124618" Name="" export="">CalculateField Place_USA_newPlaceCodes_newXY_Values_Too GJOIN1970 "G4205378" VB #</Process><Process ToolSource="c:\program files (x86)\arcgis\desktop10.3\ArcToolbox\Toolboxes\Data Management Tools.tbx\CalculateField" Date="20160210" Time="125524" Name="" export="">CalculateField Place_USA_newPlaceCodes_newXY_Values_Too Temp1970Join "[NAME1970] &amp; " - " &amp; [STATE]" VB #</Process><Process ToolSource="c:\program files (x86)\arcgis\desktop10.3\ArcToolbox\Toolboxes\Data Management Tools.tbx\CalculateField" Date="20160210" Time="133045" Name="" export="">CalculateField Place_USA_newPlaceCodes_newXY_Values_Too Temp1970Join "[PLACE] &amp; " - " &amp; [STATE]" VB #</Process><Process ToolSource="c:\program files (x86)\arcgis\desktop10.3\ArcToolbox\Toolboxes\Data Management Tools.tbx\CalculateField" Date="20160210" Time="141727" Name="" export="">CalculateField Place_USA_newPlaceCodes_newXY_Values_Too GJOIN1970 "G2400186" VB #</Process><Process ToolSource="c:\program files (x86)\arcgis\desktop10.3\ArcToolbox\Toolboxes\Data Management Tools.tbx\CalculateField" Date="20160211" Time="111220" Name="" export="">CalculateField Place_USA_newPlaceCodes_newXY_Values_Too TEMP_ID_02112016 [OBJECTID] VB #</Process><Process ToolSource="c:\program files (x86)\arcgis\desktop10.3\ArcToolbox\Toolboxes\Data Management Tools.tbx\CalculateField" Date="20160217" Time="084715" Name="" export="">CalculateField Place_USA_newPlaceCodes_newXY_Values_Too PlaceSuffix 0 VB #</Process><Process ToolSource="c:\program files (x86)\arcgis\desktop10.3\ArcToolbox\Toolboxes\Data Management Tools.tbx\CalculateField" Date="20160217" Time="084757" Name="" export="">CalculateField Place_USA_newPlaceCodes_newXY_Values_Too PlaceSuffix 5 VB #</Process><Process ToolSource="c:\program files (x86)\arcgis\desktop10.3\ArcToolbox\Toolboxes\Data Management Tools.tbx\CalculateField" Date="20160217" Time="084918" Name="" export="">CalculateField Place_USA_newPlaceCodes_newXY_Values_Too NHGISCODE ""G" &amp; [NHGISST] &amp; [New5Digit02162016] &amp; [PlaceSuffix]" VB #</Process><Process ToolSource="c:\program files (x86)\arcgis\desktop10.3\ArcToolbox\Toolboxes\Data Management Tools.tbx\CalculateField" Date="20160217" Time="141321" Name="" export="">CalculateField Place_USA_FieldsReduced_02172016 PLACECODE "[New5Digit02162016] &amp; [PlaceSuffix]" VB #</Process><Process ToolSource="c:\program files (x86)\arcgis\desktop10.3\ArcToolbox\Toolboxes\Data Management Tools.tbx\CalculateField" Date="20160217" Time="155255" Name="" export="">CalculateField Place_USA_FieldsReduced_02172016_Reordering_Sorted STATE [_STATE] VB #</Process><Process ToolSource="c:\program files (x86)\arcgis\desktop10.3\ArcToolbox\Toolboxes\Data Management Tools.tbx\CalculateField" Date="20160217" Time="155343" Name="" export="">CalculateField Place_USA_FieldsReduced_02172016_Reordering_Sorted NHGISST [_NHGISST] VB #</Process><Process ToolSource="c:\program files (x86)\arcgis\desktop10.3\ArcToolbox\Toolboxes\Data Management Tools.tbx\CalculateField" Date="20160217" Time="155426" Name="" export="">CalculateField Place_USA_FieldsReduced_02172016_Reordering_Sorted PLACE [_PLACE] VB #</Process><Process ToolSource="c:\program files (x86)\arcgis\desktop10.3\ArcToolbox\Toolboxes\Data Management Tools.tbx\CalculateField" Date="20160217" Time="155458" Name="" export="">CalculateField Place_USA_FieldsReduced_02172016_Reordering_Sorted NAME [_NAME] VB #</Process><Process ToolSource="c:\program files (x86)\arcgis\desktop10.3\ArcToolbox\Toolboxes\Data Management Tools.tbx\CalculateField" Date="20160217" Time="155605" Name="" export="">CalculateField Place_USA_FieldsReduced_02172016_Reordering_Sorted GJOIN1970 [_GJOIN1970] VB #</Process><Process ToolSource="c:\program files (x86)\arcgis\desktop10.3\ArcToolbox\Toolboxes\Data Management Tools.tbx\CalculateField" Date="20160217" Time="155740" Name="" export="">CalculateField Place_USA_FieldsReduced_02172016_Reordering_Sorted GJOIN1980 [_GJOIN1980] VB #</Process><Process ToolSource="c:\program files (x86)\arcgis\desktop10.3\ArcToolbox\Toolboxes\Data Management Tools.tbx\CalculateField" Date="20160217" Time="155800" Name="" export="">CalculateField Place_USA_FieldsReduced_02172016_Reordering_Sorted GJOIN1990 [_GJOIN1990] VB #</Process><Process ToolSource="c:\program files (x86)\arcgis\desktop10.3\ArcToolbox\Toolboxes\Data Management Tools.tbx\CalculateField" Date="20160217" Time="160714" Name="" export="">CalculateField Place_USA_FieldsReduced_02172016_Reordering_Sorted GJOIN2000 [_GJOIN2000] VB #</Process><Process ToolSource="c:\program files (x86)\arcgis\desktop10.3\ArcToolbox\Toolboxes\Data Management Tools.tbx\CalculateField" Date="20160217" Time="160919" Name="" export="">CalculateField Place_USA_FieldsReduced_02172016_Reordering_Sorted GJOIN2010 [_GJOIN2010] VB #</Process><Process ToolSource="c:\program files (x86)\arcgis\desktop10.3\ArcToolbox\Toolboxes\Data Management Tools.tbx\CalculateField" Date="20160217" Time="160937" Name="" export="">CalculateField Place_USA_FieldsReduced_02172016_Reordering_Sorted GJOIN2012 [_GJOIN2012] VB #</Process><Process ToolSource="c:\program files (x86)\arcgis\desktop10.3\ArcToolbox\Toolboxes\Data Management Tools.tbx\CalculateField" Date="20160217" Time="161121" Name="" export="">CalculateField Place_USA_FieldsReduced_02172016_Reordering_Sorted PLACECODE [_PLACECODE] VB #</Process><Process ToolSource="c:\program files (x86)\arcgis\desktop10.3\ArcToolbox\Toolboxes\Data Management Tools.tbx\CalculateField" Date="20160217" Time="161145" Name="" export="">CalculateField Place_USA_FieldsReduced_02172016_Reordering_Sorted NHGISCODE [_NHGISCODE] VB #</Process><Process ToolSource="c:\program files (x86)\arcgis\desktop10.3\ArcToolbox\Toolboxes\Data Management Tools.tbx\CalculateField" Date="20170118" Time="151905" Name="" export="">CalculateField Place_USA_final03092016 GNIS 1 VB #</Process><Process ToolSource="c:\program files (x86)\arcgis\desktop10.3\ArcToolbox\Toolboxes\Data Management Tools.tbx\CalculateField" Date="20170118" Time="151916" Name="" export="">CalculateField Place_USA_final03092016 GNIS 0 VB #</Process><Process ToolSource="c:\program files (x86)\arcgis\desktop10.3\ArcToolbox\Toolboxes\Data Management Tools.tbx\AddField" Date="20170313" Time="135015" Name="" export="">AddField Place_USA_final03092016 Exists2011 SHORT # # # # NULLABLE NON_REQUIRED #</Process><Process ToolSource="c:\program files (x86)\arcgis\desktop10.3\ArcToolbox\Toolboxes\Data Management Tools.tbx\AddField" Date="20170313" Time="135015" Name="" export="">AddField Place_USA_final03092016 Exists2013 SHORT # # # # NULLABLE NON_REQUIRED #</Process><Process ToolSource="c:\program files (x86)\arcgis\desktop10.3\ArcToolbox\Toolboxes\Data Management Tools.tbx\AddField" Date="20170313" Time="135016" Name="" export="">AddField Place_USA_final03092016 Exists2014 SHORT # # # # NULLABLE NON_REQUIRED #</Process><Process ToolSource="c:\program files (x86)\arcgis\desktop10.3\ArcToolbox\Toolboxes\Data Management Tools.tbx\AddField" Date="20170313" Time="135016" Name="" export="">AddField Place_USA_final03092016 Exists2015 SHORT # # # # NULLABLE NON_REQUIRED #</Process><Process ToolSource="c:\program files (x86)\arcgis\desktop10.3\ArcToolbox\Toolboxes\Data Management Tools.tbx\CalculateField" Date="20170313" Time="135159" Name="" export="">CalculateField Place_USA_final03092016 Exists2011 0 VB #</Process><Process ToolSource="c:\program files (x86)\arcgis\desktop10.3\ArcToolbox\Toolboxes\Data Management Tools.tbx\CalculateField" Date="20170313" Time="135208" Name="" export="">CalculateField Place_USA_final03092016 Exists2013 0 VB #</Process><Process ToolSource="c:\program files (x86)\arcgis\desktop10.3\ArcToolbox\Toolboxes\Data Management Tools.tbx\CalculateField" Date="20170313" Time="135213" Name="" export="">CalculateField Place_USA_final03092016 Exists2014 0 VB #</Process><Process ToolSource="c:\program files (x86)\arcgis\desktop10.3\ArcToolbox\Toolboxes\Data Management Tools.tbx\CalculateField" Date="20170313" Time="135219" Name="" export="">CalculateField Place_USA_final03092016 Exists2015 0 VB #</Process><Process ToolSource="c:\program files (x86)\arcgis\desktop10.3\ArcToolbox\Toolboxes\Data Management Tools.tbx\CalculateField" Date="20170314" Time="080954" Name="" export="">CalculateField Place_USA_final03092016 Exists2009 0 VB #</Process><Process ToolSource="c:\program files (x86)\arcgis\desktop10.3\ArcToolbox\Toolboxes\Data Management Tools.tbx\AddField" Date="20170314" Time="081158" Name="" export="">AddField Place_USA_final03092016 GJOIN2009 TEXT # # 9 # NULLABLE NON_REQUIRED #</Process><Process ToolSource="c:\program files (x86)\arcgis\desktop10.3\ArcToolbox\Toolboxes\Data Management Tools.tbx\AddField" Date="20170314" Time="081158" Name="" export="">AddField Place_USA_final03092016 GJOIN2011 TEXT # # 9 # NULLABLE NON_REQUIRED #</Process><Process ToolSource="c:\program files (x86)\arcgis\desktop10.3\ArcToolbox\Toolboxes\Data Management Tools.tbx\AddField" Date="20170314" Time="081158" Name="" export="">AddField Place_USA_final03092016 GJOIN2013 TEXT # # 9 # NULLABLE NON_REQUIRED #</Process><Process ToolSource="c:\program files (x86)\arcgis\desktop10.3\ArcToolbox\Toolboxes\Data Management Tools.tbx\AddField" Date="20170314" Time="081158" Name="" export="">AddField Place_USA_final03092016 GJOIN2014 TEXT # # 9 # NULLABLE NON_REQUIRED #</Process><Process ToolSource="c:\program files (x86)\arcgis\desktop10.3\ArcToolbox\Toolboxes\Data Management Tools.tbx\AddField" Date="20170314" Time="081158" Name="" export="">AddField Place_USA_final03092016 GJOIN2015 TEXT # # 9 # NULLABLE NON_REQUIRED #</Process><Process ToolSource="c:\program files (x86)\arcgis\desktop10.3\ArcToolbox\Toolboxes\Data Management Tools.tbx\CalculateField" Date="20170314" Time="150513" Name="" export="">CalculateField Place_USA_final03092016 Exists2011 0 VB #</Process><Process ToolSource="c:\program files (x86)\arcgis\desktop10.3\ArcToolbox\Toolboxes\Data Management Tools.tbx\CalculateField" Date="20170314" Time="150519" Name="" export="">CalculateField Place_USA_final03092016 Exists2013 0 VB #</Process><Process ToolSource="c:\program files (x86)\arcgis\desktop10.3\ArcToolbox\Toolboxes\Data Management Tools.tbx\CalculateField" Date="20170314" Time="150524" Name="" export="">CalculateField Place_USA_final03092016 Exists2014 0 VB #</Process><Process ToolSource="c:\program files (x86)\arcgis\desktop10.3\ArcToolbox\Toolboxes\Data Management Tools.tbx\CalculateField" Date="20170314" Time="150529" Name="" export="">CalculateField Place_USA_final03092016 Exists2015 0 VB #</Process><Process ToolSource="c:\program files (x86)\arcgis\desktop10.3\ArcToolbox\Toolboxes\Data Management Tools.tbx\CalculateField" Date="20170314" Time="150539" Name="" export="">CalculateField Place_USA_final03092016 GJOIN2011 NULL VB #</Process><Process ToolSource="c:\program files (x86)\arcgis\desktop10.3\ArcToolbox\Toolboxes\Data Management Tools.tbx\CalculateField" Date="20170314" Time="150544" Name="" export="">CalculateField Place_USA_final03092016 GJOIN2013 NULL VB #</Process><Process ToolSource="c:\program files (x86)\arcgis\desktop10.3\ArcToolbox\Toolboxes\Data Management Tools.tbx\CalculateField" Date="20170314" Time="150549" Name="" export="">CalculateField Place_USA_final03092016 GJOIN2014 NULL VB #</Process><Process ToolSource="c:\program files (x86)\arcgis\desktop10.3\ArcToolbox\Toolboxes\Data Management Tools.tbx\CalculateField" Date="20170314" Time="150554" Name="" export="">CalculateField Place_USA_final03092016 GJOIN2015 NULL VB #</Process><Process ToolSource="c:\program files (x86)\arcgis\desktop10.3\ArcToolbox\Toolboxes\Data Management Tools.tbx\CalculateField" Date="20170315" Time="102803" Name="" export="">CalculateField Place_USA_final03092016 Exists2014 1 VB #</Process><Process ToolSource="c:\program files (x86)\arcgis\desktop10.3\ArcToolbox\Toolboxes\Data Management Tools.tbx\CalculateField" Date="20170315" Time="102807" Name="" export="">CalculateField Place_USA_final03092016 Exists2015 1 VB #</Process><Process ToolSource="c:\program files (x86)\arcgis\desktop10.3\ArcToolbox\Toolboxes\Data Management Tools.tbx\CalculateField" Date="20170315" Time="102849" Name="" export="">CalculateField Place_USA_final03092016 GJOIN2014 "G48044162" VB #</Process><Process ToolSource="c:\program files (x86)\arcgis\desktop10.3\ArcToolbox\Toolboxes\Data Management Tools.tbx\CalculateField" Date="20170315" Time="102853" Name="" export="">CalculateField Place_USA_final03092016 GJOIN2015 "G48044162" VB #</Process><Process ToolSource="c:\program files (x86)\arcgis\desktop10.3\ArcToolbox\Toolboxes\Data Management Tools.tbx\CalculateField" Date="20170315" Time="103010" Name="" export="">CalculateField Place_USA_final03092016 Exists2014 1 VB #</Process><Process ToolSource="c:\program files (x86)\arcgis\desktop10.3\ArcToolbox\Toolboxes\Data Management Tools.tbx\CalculateField" Date="20170315" Time="103013" Name="" export="">CalculateField Place_USA_final03092016 Exists2015 1 VB #</Process><Process ToolSource="c:\program files (x86)\arcgis\desktop10.3\ArcToolbox\Toolboxes\Data Management Tools.tbx\CalculateField" Date="20170315" Time="103042" Name="" export="">CalculateField Place_USA_final03092016 GJOIN2014 "G26045144" VB #</Process><Process ToolSource="c:\program files (x86)\arcgis\desktop10.3\ArcToolbox\Toolboxes\Data Management Tools.tbx\CalculateField" Date="20170315" Time="103046" Name="" export="">CalculateField Place_USA_final03092016 GJOIN2015 "G26045144" VB #</Process><Process ToolSource="c:\program files (x86)\arcgis\desktop10.3\ArcToolbox\Toolboxes\Data Management Tools.tbx\CalculateField" Date="20170315" Time="103121" Name="" export="">CalculateField Place_USA_final03092016 Exists2014 1 VB #</Process><Process ToolSource="c:\program files (x86)\arcgis\desktop10.3\ArcToolbox\Toolboxes\Data Management Tools.tbx\CalculateField" Date="20170315" Time="103125" Name="" export="">CalculateField Place_USA_final03092016 Exists2015 1 VB #</Process><Process ToolSource="c:\program files (x86)\arcgis\desktop10.3\ArcToolbox\Toolboxes\Data Management Tools.tbx\CalculateField" Date="20170315" Time="103141" Name="" export="">CalculateField Place_USA_final03092016 GJOIN2014 "G35059840" VB #</Process><Process ToolSource="c:\program files (x86)\arcgis\desktop10.3\ArcToolbox\Toolboxes\Data Management Tools.tbx\CalculateField" Date="20170315" Time="103145" Name="" export="">CalculateField Place_USA_final03092016 GJOIN2015 "G35059840" VB #</Process><Process ToolSource="c:\program files (x86)\arcgis\desktop10.3\ArcToolbox\Toolboxes\Data Management Tools.tbx\CalculateField" Date="20170315" Time="103224" Name="" export="">CalculateField Place_USA_final03092016 Exists2015 1 VB #</Process><Process ToolSource="c:\program files (x86)\arcgis\desktop10.3\ArcToolbox\Toolboxes\Data Management Tools.tbx\CalculateField" Date="20170315" Time="103238" Name="" export="">CalculateField Place_USA_final03092016 GJOIN2015 "G48040262" VB #</Process><Process ToolSource="c:\program files (x86)\arcgis\desktop10.3\ArcToolbox\Toolboxes\Data Management Tools.tbx\CalculateField" Date="20170315" Time="103509" Name="" export="">CalculateField Place_USA_final03092016 Exists2013 1 VB #</Process><Process ToolSource="c:\program files (x86)\arcgis\desktop10.3\ArcToolbox\Toolboxes\Data Management Tools.tbx\CalculateField" Date="20170315" Time="103513" Name="" export="">CalculateField Place_USA_final03092016 Exists2014 1 VB #</Process><Process ToolSource="c:\program files (x86)\arcgis\desktop10.3\ArcToolbox\Toolboxes\Data Management Tools.tbx\CalculateField" Date="20170315" Time="103517" Name="" export="">CalculateField Place_USA_final03092016 Exists2015 1 VB #</Process><Process ToolSource="c:\program files (x86)\arcgis\desktop10.3\ArcToolbox\Toolboxes\Data Management Tools.tbx\CalculateField" Date="20170315" Time="103553" Name="" export="">CalculateField Place_USA_final03092016 GJOIN2013 "G51060512" VB #</Process><Process ToolSource="c:\program files (x86)\arcgis\desktop10.3\ArcToolbox\Toolboxes\Data Management Tools.tbx\CalculateField" Date="20170315" Time="103557" Name="" export="">CalculateField Place_USA_final03092016 GJOIN2014 "G51060512" VB #</Process><Process ToolSource="c:\program files (x86)\arcgis\desktop10.3\ArcToolbox\Toolboxes\Data Management Tools.tbx\CalculateField" Date="20170315" Time="103559" Name="" export="">CalculateField Place_USA_final03092016 GJOIN2015 "G51060512" VB #</Process><Process ToolSource="c:\program files (x86)\arcgis\desktop10.3\ArcToolbox\Toolboxes\Data Management Tools.tbx\CalculateField" Date="20170315" Time="103935" Name="" export="">CalculateField Place_USA_final03092016 Exists2015 1 VB #</Process><Process ToolSource="c:\program files (x86)\arcgis\desktop10.3\ArcToolbox\Toolboxes\Data Management Tools.tbx\CalculateField" Date="20170315" Time="103948" Name="" export="">CalculateField Place_USA_final03092016 GJOIN2015 "G51087410" VB #</Process><Process ToolSource="c:\program files (x86)\arcgis\desktop10.3\ArcToolbox\Toolboxes\Data Management Tools.tbx\CalculateField" Date="20170315" Time="104117" Name="" export="">CalculateField Place_USA_final03092016 Exists2014 1 VB #</Process><Process ToolSource="c:\program files (x86)\arcgis\desktop10.3\ArcToolbox\Toolboxes\Data Management Tools.tbx\CalculateField" Date="20170315" Time="104125" Name="" export="">CalculateField Place_USA_final03092016 Exists2015 1 VB #</Process><Process ToolSource="c:\program files (x86)\arcgis\desktop10.3\ArcToolbox\Toolboxes\Data Management Tools.tbx\CalculateField" Date="20170315" Time="104139" Name="" export="">CalculateField Place_USA_final03092016 GJOIN2014 "G55044033" VB #</Process><Process ToolSource="c:\program files (x86)\arcgis\desktop10.3\ArcToolbox\Toolboxes\Data Management Tools.tbx\CalculateField" Date="20170315" Time="104146" Name="" export="">CalculateField Place_USA_final03092016 GJOIN2015 "G55044033" VB #</Process><Process ToolSource="c:\program files (x86)\arcgis\desktop10.3\ArcToolbox\Toolboxes\Data Management Tools.tbx\CalculateField" Date="20170315" Time="104358" Name="" export="">CalculateField Place_USA_final03092016 Exists2014 1 VB #</Process><Process ToolSource="c:\program files (x86)\arcgis\desktop10.3\ArcToolbox\Toolboxes\Data Management Tools.tbx\CalculateField" Date="20170315" Time="104403" Name="" export="">CalculateField Place_USA_final03092016 Exists2015 1 VB #</Process><Process ToolSource="c:\program files (x86)\arcgis\desktop10.3\ArcToolbox\Toolboxes\Data Management Tools.tbx\CalculateField" Date="20170315" Time="104428" Name="" export="">CalculateField Place_USA_final03092016 GJOIN2014 "G27061340" VB #</Process><Process ToolSource="c:\program files (x86)\arcgis\desktop10.3\ArcToolbox\Toolboxes\Data Management Tools.tbx\CalculateField" Date="20170315" Time="104431" Name="" export="">CalculateField Place_USA_final03092016 GJOIN2015 "G27061340" VB #</Process><Process ToolSource="c:\program files (x86)\arcgis\desktop10.3\ArcToolbox\Toolboxes\Data Management Tools.tbx\CalculateField" Date="20170315" Time="104501" Name="" export="">CalculateField Place_USA_final03092016 Exists2015 1 VB #</Process><Process ToolSource="c:\program files (x86)\arcgis\desktop10.3\ArcToolbox\Toolboxes\Data Management Tools.tbx\CalculateField" Date="20170315" Time="104513" Name="" export="">CalculateField Place_USA_final03092016 GJOIN2015 "G46015256" VB #</Process><Process ToolSource="c:\program files (x86)\arcgis\desktop10.3\ArcToolbox\Toolboxes\Data Management Tools.tbx\CalculateField" Date="20170315" Time="104801" Name="" export="">CalculateField Place_USA_final03092016 Exists2013 1 VB #</Process><Process ToolSource="c:\program files (x86)\arcgis\desktop10.3\ArcToolbox\Toolboxes\Data Management Tools.tbx\CalculateField" Date="20170315" Time="104805" Name="" export="">CalculateField Place_USA_final03092016 Exists2014 1 VB #</Process><Process ToolSource="c:\program files (x86)\arcgis\desktop10.3\ArcToolbox\Toolboxes\Data Management Tools.tbx\CalculateField" Date="20170315" Time="104808" Name="" export="">CalculateField Place_USA_final03092016 Exists2015 1 VB #</Process><Process ToolSource="c:\program files (x86)\arcgis\desktop10.3\ArcToolbox\Toolboxes\Data Management Tools.tbx\CalculateField" Date="20170315" Time="104828" Name="" export="">CalculateField Place_USA_final03092016 GJOIN2013 "G56029400" VB #</Process><Process ToolSource="c:\program files (x86)\arcgis\desktop10.3\ArcToolbox\Toolboxes\Data Management Tools.tbx\CalculateField" Date="20170315" Time="104832" Name="" export="">CalculateField Place_USA_final03092016 GJOIN2014 "G56029400" VB #</Process><Process ToolSource="c:\program files (x86)\arcgis\desktop10.3\ArcToolbox\Toolboxes\Data Management Tools.tbx\CalculateField" Date="20170315" Time="104835" Name="" export="">CalculateField Place_USA_final03092016 GJOIN2015 "G56029400" VB #</Process><Process ToolSource="c:\program files (x86)\arcgis\desktop10.3\ArcToolbox\Toolboxes\Data Management Tools.tbx\CalculateField" Date="20170315" Time="104913" Name="" export="">CalculateField Place_USA_final03092016 Exists2014 1 VB #</Process><Process ToolSource="c:\program files (x86)\arcgis\desktop10.3\ArcToolbox\Toolboxes\Data Management Tools.tbx\CalculateField" Date="20170315" Time="104917" Name="" export="">CalculateField Place_USA_final03092016 Exists2015 1 VB #</Process><Process ToolSource="c:\program files (x86)\arcgis\desktop10.3\ArcToolbox\Toolboxes\Data Management Tools.tbx\CalculateField" Date="20170315" Time="104938" Name="" export="">CalculateField Place_USA_final03092016 GJOIN2014 "G51073624" VB #</Process><Process ToolSource="c:\program files (x86)\arcgis\desktop10.3\ArcToolbox\Toolboxes\Data Management Tools.tbx\CalculateField" Date="20170315" Time="104941" Name="" export="">CalculateField Place_USA_final03092016 GJOIN2015 "G51073624" VB #</Process><Process ToolSource="c:\program files (x86)\arcgis\desktop10.3\ArcToolbox\Toolboxes\Data Management Tools.tbx\CalculateField" Date="20170315" Time="105013" Name="" export="">CalculateField Place_USA_final03092016 Exists2014 1 VB #</Process><Process ToolSource="c:\program files (x86)\arcgis\desktop10.3\ArcToolbox\Toolboxes\Data Management Tools.tbx\CalculateField" Date="20170315" Time="105016" Name="" export="">CalculateField Place_USA_final03092016 Exists2015 1 VB #</Process><Process ToolSource="c:\program files (x86)\arcgis\desktop10.3\ArcToolbox\Toolboxes\Data Management Tools.tbx\CalculateField" Date="20170315" Time="105030" Name="" export="">CalculateField Place_USA_final03092016 GJOIN2014 "G36073495" VB #</Process><Process ToolSource="c:\program files (x86)\arcgis\desktop10.3\ArcToolbox\Toolboxes\Data Management Tools.tbx\CalculateField" Date="20170315" Time="105033" Name="" export="">CalculateField Place_USA_final03092016 GJOIN2015 "G36073495" VB #</Process><Process ToolSource="c:\program files (x86)\arcgis\desktop10.3\ArcToolbox\Toolboxes\Data Management Tools.tbx\CalculateField" Date="20170315" Time="124408" Name="" export="">CalculateField Place_USA_final03092016 GJOIN2014 "G42022024" VB #</Process><Process ToolSource="c:\program files (x86)\arcgis\desktop10.3\ArcToolbox\Toolboxes\Data Management Tools.tbx\CalculateField" Date="20170315" Time="124411" Name="" export="">CalculateField Place_USA_final03092016 GJOIN2015 "G42022024" VB #</Process><Process ToolSource="c:\program files (x86)\arcgis\desktop10.3\ArcToolbox\Toolboxes\Data Management Tools.tbx\CalculateField" Date="20170315" Time="124856" Name="" export="">CalculateField Place_USA_final03092016 GJOIN2013 "G34031410" VB #</Process><Process ToolSource="c:\program files (x86)\arcgis\desktop10.3\ArcToolbox\Toolboxes\Data Management Tools.tbx\CalculateField" Date="20170315" Time="124900" Name="" export="">CalculateField Place_USA_final03092016 GJOIN2014 "G34031410" VB #</Process><Process ToolSource="c:\program files (x86)\arcgis\desktop10.3\ArcToolbox\Toolboxes\Data Management Tools.tbx\CalculateField" Date="20170315" Time="124903" Name="" export="">CalculateField Place_USA_final03092016 GJOIN2015 "G34031410" VB #</Process><Process ToolSource="c:\program files (x86)\arcgis\desktop10.3\ArcToolbox\Toolboxes\Data Management Tools.tbx\CalculateField" Date="20170315" Time="125126" Name="" export="">CalculateField Place_USA_final03092016 GJOIN2013 "G30066550" VB #</Process><Process ToolSource="c:\program files (x86)\arcgis\desktop10.3\ArcToolbox\Toolboxes\Data Management Tools.tbx\CalculateField" Date="20170315" Time="125131" Name="" export="">CalculateField Place_USA_final03092016 GJOIN2014 "G30066550" VB #</Process><Process ToolSource="c:\program files (x86)\arcgis\desktop10.3\ArcToolbox\Toolboxes\Data Management Tools.tbx\CalculateField" Date="20170315" Time="125134" Name="" export="">CalculateField Place_USA_final03092016 GJOIN2015 "G30066550" VB #</Process><Process ToolSource="c:\program files (x86)\arcgis\desktop10.3\ArcToolbox\Toolboxes\Data Management Tools.tbx\CalculateField" Date="20170315" Time="125229" Name="" export="">CalculateField Place_USA_final03092016 GJOIN2013 "G30066550" VB #</Process><Process ToolSource="c:\program files (x86)\arcgis\desktop10.3\ArcToolbox\Toolboxes\Data Management Tools.tbx\CalculateField" Date="20170315" Time="125232" Name="" export="">CalculateField Place_USA_final03092016 GJOIN2014 "G30066550" VB #</Process><Process ToolSource="c:\program files (x86)\arcgis\desktop10.3\ArcToolbox\Toolboxes\Data Management Tools.tbx\CalculateField" Date="20170315" Time="125235" Name="" export="">CalculateField Place_USA_final03092016 GJOIN2015 "G30066550" VB #</Process><Process ToolSource="c:\program files (x86)\arcgis\desktop10.3\ArcToolbox\Toolboxes\Data Management Tools.tbx\CalculateField" Date="20170315" Time="125659" Name="" export="">CalculateField Place_USA_final03092016 GJOIN2014 "G24064568" VB #</Process><Process ToolSource="c:\program files (x86)\arcgis\desktop10.3\ArcToolbox\Toolboxes\Data Management Tools.tbx\CalculateField" Date="20170315" Time="125704" Name="" export="">CalculateField Place_USA_final03092016 GJOIN2015 "G24064568" VB #</Process><Process ToolSource="c:\program files (x86)\arcgis\desktop10.3\ArcToolbox\Toolboxes\Data Management Tools.tbx\CalculateField" Date="20170315" Time="130404" Name="" export="">CalculateField Place_USA_final03092016 GJOIN2015 "G48023398" VB #</Process><Process ToolSource="c:\program files (x86)\arcgis\desktop10.3\ArcToolbox\Toolboxes\Data Management Tools.tbx\CalculateField" Date="20170315" Time="131416" Name="" export="">CalculateField Place_USA_final03092016 GJOIN2011 "G04077480" VB #</Process><Process ToolSource="c:\program files (x86)\arcgis\desktop10.4\ArcToolbox\Toolboxes\Data Management Tools.tbx\CalculateField" Date="20170316" Time="111450" Name="" export="">CalculateField Place_USA_final03092016 Exists2012 0 VB #</Process><Process ToolSource="c:\program files (x86)\arcgis\desktop10.4\ArcToolbox\Toolboxes\Data Management Tools.tbx\CalculateField" Date="20170316" Time="111457" Name="" export="">CalculateField Place_USA_final03092016 Exists2010 0 VB #</Process><Process ToolSource="c:\program files (x86)\arcgis\desktop10.4\ArcToolbox\Toolboxes\Data Management Tools.tbx\CalculateField" Date="20170316" Time="111501" Name="" export="">CalculateField Place_USA_final03092016 Exists2000 0 VB #</Process><Process ToolSource="c:\program files (x86)\arcgis\desktop10.4\ArcToolbox\Toolboxes\Data Management Tools.tbx\CalculateField" Date="20170316" Time="111505" Name="" export="">CalculateField Place_USA_final03092016 Exists1990 0 VB #</Process><Process ToolSource="c:\program files (x86)\arcgis\desktop10.4\ArcToolbox\Toolboxes\Data Management Tools.tbx\CalculateField" Date="20170316" Time="111508" Name="" export="">CalculateField Place_USA_final03092016 Exists1980 0 VB #</Process><Process ToolSource="c:\program files (x86)\arcgis\desktop10.4\ArcToolbox\Toolboxes\Data Management Tools.tbx\CalculateField" Date="20170316" Time="111513" Name="" export="">CalculateField Place_USA_final03092016 Exists1970 0 VB #</Process><Process ToolSource="c:\program files (x86)\arcgis\desktop10.4\ArcToolbox\Toolboxes\Data Management Tools.tbx\CalculateField" Date="20170316" Time="111516" Name="" export="">CalculateField Place_USA_final03092016 Exists1960 0 VB #</Process><Process ToolSource="c:\program files (x86)\arcgis\desktop10.4\ArcToolbox\Toolboxes\Data Management Tools.tbx\CalculateField" Date="20170316" Time="111520" Name="" export="">CalculateField Place_USA_final03092016 Exists1950 0 VB #</Process><Process ToolSource="c:\program files (x86)\arcgis\desktop10.4\ArcToolbox\Toolboxes\Data Management Tools.tbx\CalculateField" Date="20170316" Time="111527" Name="" export="">CalculateField Place_USA_final03092016 Exists1940 0 VB #</Process><Process ToolSource="c:\program files (x86)\arcgis\desktop10.4\ArcToolbox\Toolboxes\Data Management Tools.tbx\CalculateField" Date="20170316" Time="111625" Name="" export="">CalculateField Place_USA_final03092016 Exists1930 0 VB #</Process><Process ToolSource="c:\program files (x86)\arcgis\desktop10.4\ArcToolbox\Toolboxes\Data Management Tools.tbx\CalculateField" Date="20170316" Time="111628" Name="" export="">CalculateField Place_USA_final03092016 Exists1920 0 VB #</Process><Process ToolSource="c:\program files (x86)\arcgis\desktop10.4\ArcToolbox\Toolboxes\Data Management Tools.tbx\CalculateField" Date="20170316" Time="111633" Name="" export="">CalculateField Place_USA_final03092016 Exists1910 0 VB #</Process><Process ToolSource="c:\program files (x86)\arcgis\desktop10.4\ArcToolbox\Toolboxes\Data Management Tools.tbx\CalculateField" Date="20170316" Time="111638" Name="" export="">CalculateField Place_USA_final03092016 Exists1900 0 VB #</Process><Process ToolSource="c:\program files (x86)\arcgis\desktop10.4\ArcToolbox\Toolboxes\Data Management Tools.tbx\CalculateField" Date="20170316" Time="111739" Name="" export="">CalculateField Place_USA_final03092016 Exists2011 0 VB #</Process><Process ToolSource="c:\program files (x86)\arcgis\desktop10.4\ArcToolbox\Toolboxes\Data Management Tools.tbx\CalculateField" Date="20170316" Time="111803" Name="" export="">CalculateField Place_USA_final03092016 Exists2013 0 VB #</Process><Process ToolSource="c:\program files (x86)\arcgis\desktop10.4\ArcToolbox\Toolboxes\Data Management Tools.tbx\CalculateField" Date="20170316" Time="111820" Name="" export="">CalculateField Place_USA_final03092016 Exists2014 0 VB #</Process><Process ToolSource="c:\program files (x86)\arcgis\desktop10.4\ArcToolbox\Toolboxes\Data Management Tools.tbx\CalculateField" Date="20170316" Time="111832" Name="" export="">CalculateField Place_USA_final03092016 Exists2015 0 VB #</Process><Process ToolSource="c:\program files (x86)\arcgis\desktop10.4\ArcToolbox\Toolboxes\Data Management Tools.tbx\CalculateField" Date="20170316" Time="111848" Name="" export="">CalculateField Place_USA_final03092016 Exists2013 1 VB #</Process><Process ToolSource="c:\program files (x86)\arcgis\desktop10.4\ArcToolbox\Toolboxes\Data Management Tools.tbx\CalculateField" Date="20170316" Time="141824" Name="" export="">CalculateField Place_USA_final03092016 Exists2009 1 VB #</Process><Process ToolSource="c:\program files (x86)\arcgis\desktop10.4\ArcToolbox\Toolboxes\Data Management Tools.tbx\CalculateField" Date="20170316" Time="141904" Name="" export="">CalculateField Place_USA_final03092016 GJOIN2009 "G35053155" VB #</Process><Process ToolSource="c:\program files (x86)\arcgis\desktop10.4\ArcToolbox\Toolboxes\Data Management Tools.tbx\CalculateField" Date="20170320" Time="081833" Name="" export="">CalculateField Place_USA_final03092016 NHGISST "720" VB #</Process><Process ToolSource="c:\program files (x86)\arcgis\desktop10.4\ArcToolbox\Toolboxes\Data Management Tools.tbx\CalculateField" Date="20170320" Time="081850" Name="" export="">CalculateField Place_USA_final03092016 GNIS 1 VB #</Process><Process ToolSource="c:\program files (x86)\arcgis\desktop10.4\ArcToolbox\Toolboxes\Data Management Tools.tbx\CalculateField" Date="20170321" Time="152507" Name="" export="">CalculateField Place_USA_final03092016 haines60 "UCase( [NAME] ) &amp; " " &amp; [STATE]" VB #</Process><Process ToolSource="c:\program files (x86)\arcgis\desktop10.4\ArcToolbox\Toolboxes\Data Management Tools.tbx\CalculateField" Date="20170419" Time="144435" Name="" export="">CalculateField Place_USA_final03092016 Exists2009 0 VB #</Process><Process ToolSource="c:\program files (x86)\arcgis\desktop10.4\ArcToolbox\Toolboxes\Data Management Tools.tbx\CalculateField" Date="20170419" Time="144529" Name="" export="">CalculateField Place_USA_final03092016 Exists2009 0 VB #</Process><Process ToolSource="c:\program files (x86)\arcgis\desktop10.4\ArcToolbox\Toolboxes\Data Management Tools.tbx\CalculateField" Date="20170419" Time="150247" Name="" export="">CalculateField Place_USA_final03092016 _PLACECODE [PLACECODE] VB #</Process><Process ToolSource="c:\program files (x86)\arcgis\desktop10.4\ArcToolbox\Toolboxes\Data Management Tools.tbx\CalculateField" Date="20170419" Time="150335" Name="" export="">CalculateField Place_USA_final03092016 _PLACECODE [PLACECODE] VB #</Process><Process ToolSource="c:\program files (x86)\arcgis\desktop10.4\ArcToolbox\Toolboxes\Data Management Tools.tbx\CalculateField" Date="20170419" Time="150359" Name="" export="">CalculateField Place_USA_final03092016 _NHGISCODE [NHGISCODE] VB #</Process><Process ToolSource="c:\program files (x86)\arcgis\desktop10.4\ArcToolbox\Toolboxes\Data Management Tools.tbx\CalculateField" Date="20170818" Time="113002" Name="" export="">CalculateField Place_USA_final03092016 NHGISCODE "[GJOIN2015] &amp; "0"" VB #</Process><Process ToolSource="c:\program files (x86)\arcgis\desktop10.4\ArcToolbox\Toolboxes\Data Management Tools.tbx\CalculateField" Date="20170818" Time="113212" Name="" export="">CalculateField Place_USA_final03092016 NHGISCODE "[GJOIN2009] &amp; "0"" VB #</Process><Process ToolSource="c:\program files (x86)\arcgis\desktop10.4\ArcToolbox\Toolboxes\Data Management Tools.tbx\CalculateField" Date="20170818" Time="121917" Name="" export="">CalculateField Place_USA_final03092016 StackedCnt 2 VB #</Process><Process ToolSource="c:\program files (x86)\arcgis\desktop10.4\ArcToolbox\Toolboxes\Data Management Tools.tbx\CalculateField" Date="20170818" Time="122154" Name="" export="">CalculateField Place_USA_final03092016 StackedCnt 2 VB #</Process><Process ToolSource="c:\program files (x86)\arcgis\desktop10.4\ArcToolbox\Toolboxes\Data Management Tools.tbx\CalculateField" Date="20170818" Time="151052" Name="" export="">CalculateField Place_USA_final03092016 code_len Len( [NHGISCODE] ) VB #</Process><Process ToolSource="c:\program files (x86)\arcgis\desktop10.4\ArcToolbox\Toolboxes\Data Management Tools.tbx\CalculateField" Date="20170824" Time="120833" Name="" export="">CalculateField Place_USA_final03092016 NHGISPLACE [NHGISCODE] VB #</Process><Process ToolSource="c:\program files (x86)\arcgis\desktop10.4\ArcToolbox\Toolboxes\Analysis Tools.tbx\Select" Date="20170825" Time="105141" Name="" export="">Select D:\workspace\place_points\PlacePtsCombined_01242017.gdb\Place_USA_final03092016 D:\workspace\place_points\TempPlacePoints1900_2015.gdb\us_place_point_2010 ""Exists2010"= 1"</Process><Process ToolSource="c:\program files (x86)\arcgis\desktop10.4\ArcToolbox\Toolboxes\Data Management Tools.tbx\AddField" Date="20170825" Time="105141" Name="" export="">AddField D:\workspace\place_points\TempPlacePoints1900_2015.gdb\us_place_point_2010 YEAR SHORT # # # # NULLABLE NON_REQUIRED #</Process><Process ToolSource="c:\program files (x86)\arcgis\desktop10.4\ArcToolbox\Toolboxes\Data Management Tools.tbx\CalculateField" Date="20170825" Time="105142" Name="" export="">CalculateField D:\workspace\place_points\TempPlacePoints1900_2015.gdb\us_place_point_2010 YEAR 2010 PYTHON #</Process><Process ToolSource="c:\program files (x86)\arcgis\desktop10.4\ArcToolbox\Toolboxes\Data Management Tools.tbx\AddField" Date="20170825" Time="105142" Name="" export="">AddField D:\workspace\place_points\TempPlacePoints1900_2015.gdb\us_place_point_2010 GISJOIN TEXT # # 9 # NULLABLE NON_REQUIRED #</Process><Process ToolSource="c:\program files (x86)\arcgis\desktop10.4\ArcToolbox\Toolboxes\Data Management Tools.tbx\CalculateField" Date="20170825" Time="105143" Name="" export="">CalculateField D:\workspace\place_points\TempPlacePoints1900_2015.gdb\us_place_point_2010 GISJOIN !GJOIN2010! PYTHON #</Process><Process ToolSource="c:\program files (x86)\arcgis\desktop10.4\ArcToolbox\Toolboxes\Data Management Tools.tbx\DeleteField" Date="20170825" Time="105159" Name="" export="">DeleteField D:\workspace\place_points\TempPlacePoints1900_2015.gdb\us_place_point_2010 _STATE;_PLACE;_NAME;Exists2012;Exists2010;Exists2000;Exists1990;Exists1980;Exists1970;Exists1960;Exists1950;Exists1940;Exists1930;Exists1920;Exists1910;Exists1900;StackedCnt;NHGISST_2;NHGISST_3;STATE_2;State_3;TEMP_ID_02112016;New5Digit02162016;PlaceSuffix;GJOIN1970;GJOIN1980;GJOIN1990;GJOIN2000;GJOIN2010;GJOIN2012;PLACECODE;NHGISCODE;GNIS;Exists2011;Exists2013;Exists2014;Exists2015;Exists2009;GJOIN2009;GJOIN2011;GJOIN2013;GJOIN2014;GJOIN2015;_PLACECODE;_NHGISCODE</Process><Process ToolSource="c:\program files (x86)\arcgis\desktop10.4\ArcToolbox\Toolboxes\Data Management Tools.tbx\CopyFeatures" Date="20170926" Time="140539">CopyFeatures D:\workspace\place_points\TempPlacePoints1900_2015.gdb\us_place_point_2010 D:\workspace\place_points\1970_2015\Sept26_2017\us_place_point_2010.shp # 0 0 0</Process></lineage><itemProps><itemLocation><linkage Sync="TRUE">file://\\UMN201353325\D$\workspace\place_points\1970_2015\Sept26_2017\us_place_point_2010.shp</linkage><protocol Sync="TRUE">Local Area Network</protocol></itemLocation><itemName Sync="TRUE">us_place_point_2010</itemName><imsContentType Sync="TRUE" export="False">002</imsContentType><nativeExtBox><westBL Sync="TRUE">-6238594.892600</westBL><eastBL Sync="TRUE">3311960.646100</eastBL><southBL Sync="TRUE">-1669862.763800</southBL><northBL Sync="TRUE">4577031.206900</northBL><exTypeCode Sync="TRUE">1</exTypeCode></nativeExtBox><itemSize Sync="TRUE">0.000</itemSize></itemProps><coordRef><type Sync="TRUE">Projected</type><geogcsn Sync="TRUE">GCS_North_American_1983</geogcsn><csUnits Sync="TRUE">Linear Unit: Meter (1.000000)</csUnits><projcsn Sync="TRUE">USA_Contiguous_Albers_Equal_Area_Conic</projcsn><peXml Sync="TRUE">&lt;ProjectedCoordinateSystem xsi:type='typens:ProjectedCoordinateSystem' xmlns:xsi='http://www.w3.org/2001/XMLSchema-instance' xmlns:xs='http://www.w3.org/2001/XMLSchema' xmlns:typens='http://www.esri.com/schemas/ArcGIS/10.4'&gt;&lt;WKT&gt;PROJCS[&amp;quot;USA_Contiguous_Albers_Equal_Area_Conic&amp;quot;,GEOGCS[&amp;quot;GCS_North_American_1983&amp;quot;,DATUM[&amp;quot;D_North_American_1983&amp;quot;,SPHEROID[&amp;quot;GRS_1980&amp;quot;,6378137.0,298.257222101]],PRIMEM[&amp;quot;Greenwich&amp;quot;,0.0],UNIT[&amp;quot;Degree&amp;quot;,0.0174532925199433]],PROJECTION[&amp;quot;Albers&amp;quot;],PARAMETER[&amp;quot;False_Easting&amp;quot;,0.0],PARAMETER[&amp;quot;False_Northing&amp;quot;,0.0],PARAMETER[&amp;quot;Central_Meridian&amp;quot;,-96.0],PARAMETER[&amp;quot;Standard_Parallel_1&amp;quot;,29.5],PARAMETER[&amp;quot;Standard_Parallel_2&amp;quot;,45.5],PARAMETER[&amp;quot;Latitude_Of_Origin&amp;quot;,37.5],UNIT[&amp;quot;Meter&amp;quot;,1.0],AUTHORITY[&amp;quot;Esri&amp;quot;,102003]]&lt;/WKT&gt;&lt;XOrigin&gt;-16901100&lt;/XOrigin&gt;&lt;YOrigin&gt;-8579000&lt;/YOrigin&gt;&lt;XYScale&gt;266467840.99085236&lt;/XYScale&gt;&lt;ZOrigin&gt;-100000&lt;/ZOrigin&gt;&lt;ZScale&gt;10000&lt;/ZScale&gt;&lt;MOrigin&gt;-100000&lt;/MOrigin&gt;&lt;MScale&gt;10000&lt;/MScale&gt;&lt;XYTolerance&gt;0.001&lt;/XYTolerance&gt;&lt;ZTolerance&gt;0.001&lt;/ZTolerance&gt;&lt;MTolerance&gt;0.001&lt;/MTolerance&gt;&lt;HighPrecision&gt;true&lt;/HighPrecision&gt;&lt;WKID&gt;102003&lt;/WKID&gt;&lt;LatestWKID&gt;102003&lt;/LatestWKID&gt;&lt;/ProjectedCoordinateSystem&gt;</peXml></coordRef></DataProperties><SyncDate>20170926</SyncDate><SyncTime>14053400</SyncTime><ModDate>20170926</ModDate><ModTime>14053400</ModTime><scaleRange><minScale>150000000</minScale><maxScale>5000</maxScale></scaleRange><ArcGISProfile>FGDC</ArcGISProfile></Esri><mdChar><CharSetCd value="004"/></mdChar><mdContact><rpOrgName>IPUMS NHGIS</rpOrgName><role><RoleCd value="007"/></role><displayName>IPUMS NHGIS</displayName><rpCntInfo><cntAddress addressType="both"><delPoint>225 19th Ave S</delPoint><city>Minneapolis</city><adminArea>MN</adminArea><postCode>55455</postCode><eMailAdd>nhgis@umn.edu</eMailAdd><delPoint>50 Willey Hall</delPoint></cntAddress><cntPhone><voiceNum>612-624-5818</voiceNum><faxNum>612-626-8375</faxNum></cntPhone><cntOnlineRes><linkage>https://answers.popdata.org</linkage></cntOnlineRes></rpCntInfo></mdContact><distInfo><distFormat><formatName Sync="TRUE">Shapefile</formatName></distFormat><distributor><distorCont><rpOrgName>IPUMS NHGIS</rpOrgName><rpCntInfo><cntOnlineRes><linkage>https://www.nhgis.org</linkage></cntOnlineRes></rpCntInfo><role><RoleCd value="006"/></role></distorCont></distributor><distTranOps><transSize Sync="TRUE">0.000</transSize></distTranOps></distInfo><dataIdInfo><idCitation><resTitle Sync="FALSE">2010 Place Points for the American Community Survey and Decennial Census</resTitle><date><pubDate>2017-09-15T00:00:00</pubDate></date><citRespParty><rpOrgName>IPUMS NHGIS</rpOrgName><role><RoleCd value="006"/></role></citRespParty><presForm><PresFormCd value="005" Sync="TRUE"/></presForm></idCitation><dataExt><exDesc>Vintage of place boundaries</exDesc><tempEle><TempExtent><exTemp><TM_Instant><tmPosition>2015-01-01T00:00:00</tmPosition></TM_Instant></exTemp></TempExtent></tempEle></dataExt><idPurp>This file is provided by IPUMS NHGIS to depict the point location of all incorporated and Census-designated places available in the 2010 American Community Survey and 2010 Decennial Census data. Each point represents the location of a place for which the U.S. Census Bureau tabulated and published data. </idPurp><idAbs>&lt;DIV STYLE="text-align:Left;"&gt;&lt;DIV&gt;&lt;DIV&gt;&lt;P&gt;&lt;SPAN&gt;This file depicts the location of incorporated and Census-designated places as identified in the 2010 American Community Survey and 2010 Decennial Census data. It matches places in both the 1-year and 5-year data sets. The file was created at the University of Minnesota for IPUMS NHGIS project (https://www.nhgis.org).&lt;/SPAN&gt;&lt;/P&gt;&lt;P&gt;&lt;SPAN&gt;The points in this file are derived from boundary files from the National Historical Geographic Information System (IPUMS NHGIS), which are in turn based on the U.S. Census Bureau's 2010 TIGER/Line files, with coastal water areas erased. Incorporated and Census-designated place points were snapped to populated place points from the U.S. Geological Survey's Geographic Names Information System (GNIS -- https://geonames.usgs.gov/domestic/).&lt;/SPAN&gt;&lt;/P&gt;&lt;P&gt;&lt;SPAN&gt;This shapefile is part of a series created by IPUMS NHGIS. The series consists of shapefiles for the twelve decennial censuses taken between 1990 and 2010 and the seven American Community Survey datasets published between 2009 and 2015. &lt;/SPAN&gt;&lt;/P&gt;&lt;/DIV&gt;&lt;/DIV&gt;&lt;/DIV&gt;</idAbs><idCredit>The primary source of funding for this shapefiles is the National Science Foundation (NSF), grant SES-1324875. Additional support has been provided by the Minnesota Population Center (NIH, HD-04023).</idCredit><searchKeys><keyword>2010</keyword><keyword>2006-2010</keyword><keyword>Census of Population and Housing</keyword><keyword>American Community Survey</keyword><keyword>ACS</keyword><keyword>United States of America</keyword><keyword>USA</keyword><keyword>United States</keyword><keyword>incorporated places</keyword><keyword>Census-designated places</keyword><keyword>census</keyword><keyword>IPUMS</keyword><keyword>IPUMS NHGIS</keyword><keyword>GNIS</keyword></searchKeys><resConst><Consts><useLimit>&lt;DIV STYLE="text-align:Left;"&gt;&lt;DIV&gt;&lt;DIV&gt;&lt;P&gt;&lt;SPAN&gt;No fee may be charged for use or distribution of these data. Publications and research reports based on these data must cite it appropriately:&lt;/SPAN&gt;&lt;/P&gt;&lt;P&gt;&lt;SPAN&gt;Steven Manson, Jonathan Schroeder, David Van Riper, and Steven Ruggles. IPUMS National Historical Geographic Information System: Version 12.0 [Database]. Minneapolis: University of Minnesota. 2017. http://doi.org/10.18128/D050.V12.0&lt;/SPAN&gt;&lt;/P&gt;&lt;P&gt;&lt;SPAN&gt;For policy briefs or articles in teh population press that use the IPUMS NHGIS database, we recommend that you cite the use of IPUMS NHGIS data as follows:&lt;/SPAN&gt;&lt;/P&gt;&lt;P&gt;&lt;SPAN&gt;IPUMS NHGIS, University of Minnesota, https://www.nhgis.org&lt;/SPAN&gt;&lt;/P&gt;&lt;P&gt;&lt;SPAN&gt;The licensing agreement for use of IPUMS NHGIS data requires that users supply us with the title and full citation for any publications, research reports, or educational materials making use of the data or documentation. Please add your citation to the IPUMS bibliography at https://bibliography.ipums.org/.&lt;/SPAN&gt;&lt;/P&gt;&lt;/DIV&gt;&lt;/DIV&gt;&lt;/DIV&gt;</useLimit></Consts></resConst><themeKeys xmlns=""><keyword>2006-2010 American Community Survey, 2010 Decennial Census of Population and Housing, ACS, incorporated places, Census-designated places, IPUMS NHGIS, IPUMS, GNIS</keyword></themeKeys><placeKeys xmlns=""><keyword>United States of America, USA, United States</keyword></placeKeys><dataChar><CharSetCd value="004"/></dataChar><idStatus><ProgCd value="001"/></idStatus><idPoC><rpOrgName>IPUMS NHGIS</rpOrgName><role><RoleCd value="006"/></role><displayName>IPUMS NHGIS</displayName><rpCntInfo><cntAddress addressType="both"><delPoint>225 19th Ave S</delPoint><city>Minneapolis</city><adminArea>MN</adminArea><postCode>55117</postCode><eMailAdd>nhgis@umn.edu</eMailAdd><delPoint>50 Willey Hall</delPoint></cntAddress><cntPhone><voiceNum>612-624-5818</voiceNum><faxNum>612-626-8375</faxNum></cntPhone><cntOnlineRes><linkage>https://answers.popdata.org</linkage></cntOnlineRes></rpCntInfo></idPoC><resMaint><maintFreq><MaintFreqCd value="009"/></maintFreq></resMaint><resConst><LegConsts><othConsts>All persons are granted a limited license to use and distribute this documentation and the available data, subject to the use constrants.</othConsts></LegConsts></resConst><envirDesc Sync="TRUE"> Version 6.2 (Build 9200) ; Esri ArcGIS 10.4.1.5686</envirDesc><dataLang><languageCode value="eng" Sync="TRUE"/><countryCode value="USA" Sync="TRUE"/></dataLang><spatRpType><SpatRepTypCd value="001" Sync="TRUE"/></spatRpType><dataExt><geoEle xmlns=""><GeoBndBox esriExtentType="search"><exTypeCode Sync="TRUE">1</exTypeCode><westBL Sync="TRUE">-180.000000</westBL><eastBL Sync="TRUE">180.000000</eastBL><northBL Sync="TRUE">90.000000</northBL><southBL Sync="TRUE">5.236746</southBL></GeoBndBox></geoEle></dataExt><tpCat><TopicCatCd value="013"/></tpCat></dataIdInfo><mdMaint><maintFreq><MaintFreqCd value="009"/></maintFreq></mdMaint><dqInfo><dqScope><scpLvl><ScopeCd value="005"/></scpLvl></dqScope><dataLineage><statement>We converted IPUMS NHGIS place boundary files for 1980, 1990, 2000, 2010, and 2012 to geographic centroids and then merged the centroid datasets. We removed points with duplicate names and GISJOINs, yielding a dataset that contained a single point for each unique place that existed between 1980 and 2012. 

We then joined the point dataset to the NHGIS Time Series Table (TST) for places. The TST tells us the years (1970-2012) in which each place existed. Since we already had points for 1980-2012, this join served two purposed. First, point records that matched the TST records could be extended back to 1970. Second, TST records that failed to match the point dataset were places that we needed to add to the point dataset. All of the unmatched TST records existed only in 1970 and had no match because there were no GIS data for 1970. were from the 1970 census. We added points representing the unmatched records using a combination of GNIS data and published census maps. At the end of this step, we had a complete record of place points matched to census data from 1970-2012. 

We then joined the centroids to the populated place points from the Geographic Names Information System (GNIS) database using a combination of place, county, and state names. The GNIS points are typically stable across time and are located at or near the historical, functional place center (e.g., the central business district of a large city). For matched records, we moved the coordinates from the geographic center of the place to the GNIS location. For unmatched records with an NHGIS place centroid, we continued using the geographic centroid. Finally, for unmatched records without an NHGIS place centroid, we used a combination of GNIS points and scanned, georeferenced 1970 Census Bureau maps to create the place points. 

After we completed our 1970-2012 dataset, we developed a process for locating and identifying incorporated and unincorporated places for 1930-1960. For the decennial censuses from 1930-1960, the U.S. Census Bureau published volumes that contained lists of incorporated and unincorporated places and maps that depicted the locations of these places. We georeferenced the maps to NHGIS county boundaries and then overlaid the point dataset on the georeferenced maps. Then, we compared the point dataset to the list of places. We based our comparison on place names. If there was a match, we flagged the point as existing in the year we were examining. Finally, for the places on the list that did not match the point dataset, we used the georeferenced map, in conjunction with the GNIS data, to create a point feature. If we found a point in GNIS, we snapped our new point to it. If we failed to find a point in GNIS, we placed a point in the center of the place as depicted on the map. We then added the place name to that point and flagged it as existing. We worked on a state-by-state basis and completed an entire year's worth of places before moving onto another year. We started in 1960 and worked backwards to 1930. 

After finishing the 1930 place points, we developed a process for locating and identifying incorporated and unincorporated places for the earlier censuses. The Census Bureau first published maps showing the locations of places in 1930. For earlier censuses, we only have lists of places from the printed volumes. We compared the point dataset to the list of places based on names. If we found a match, we flagged the point as existing in the year we were examining. Places listed in the census volumes but not in the point dataset were created using a combination of GNIS data, published footnotes in the census volumes, and web search to ascertain their location. We used this process for the 1900-1920 place points.

We then QA/QC'ed the point dataset, comparing it against the Census Bureau's published lists of places. This process caught listed places that we not captured in the GIS data. 

Next, we created a new six-character unique identifier for all place points in the data series. For points that have a modern five-digit FIPS code, we re-used the FIPS code and appended a '0' to the end. For points without a modern five-digit FIPS code, we developed a two-step process to create their six-digit code. First, we created five-digit codes, maintaining alphabetical order for all places in the data series. Second, we appended a '5' to the end of the newly-created five-digit codes. This '5' suffix indicates that the place no longer exists, and it did not exist long enough to receive a five-digit FIPS code. For example, a record for Minneapolis, Minnesota, is in every year-specific file from 1900-2012. It has a FIPS code of '43000' and an NHGISPLACE code of '430000'. New Paynesville, Minnesota, is only in the 1900 dataset. Its new five digit code is '45781' was created by calculating a value between existing FIPS codes for the places alphabetically before and after 'New Paynesville'. The '5' suffix was then added to create an six-character code of '457815'. Finally, we created a ten-digit NHGISPLACE code by concatenating the six-character code with the three-character NHGIS state identifier and a 'G'.

The last step of the process was to add in place data from the 2009, 2011, 2012, 2013, 2014, and 2015 American Community Survey datasets. When we finished adding the new data, we had a data series from 1900-2015 that depict the locations of incorporated and unincorporated places listed in data published by the U.S. Census Bureau.

There are two ways to use the NHGIS place point shapefiles. For 1970-2015, you may download population and housing characteristics from NHGIS and joinng them to the year-specific shapefiles using the GISJOIN field. If you want to know the years for which the Census Bureau has information for a given place, you may join the year-specific shapefiles using the NHGISPLACE code. 

</statement><dataSource xmlns="" type=""><srcDesc>TIGER/Line shapefiles</srcDesc><srcMedName><MedNameCd value="015"/></srcMedName><srcCitatn><resTitle>2015 TIGER/Line shapefiles (machine-readable data files) / prepared by the U.S. Census Bureau, 2015</resTitle><citOnlineRes><linkage>https://www.census.gov/geo/maps-data/data/tiger-line.html</linkage><orFunct><OnFunctCd value="001"/></orFunct></citOnlineRes></srcCitatn><srcCitatn><resTitle>2014 TIGER/Line shapefiles (machine-readable data files) / prepared by the U.S. Census Bureau, 2014</resTitle><citOnlineRes><linkage>https://www.census.gov/geo/maps-data/data/tiger-line.html</linkage><orFunct><OnFunctCd value="001"/></orFunct></citOnlineRes></srcCitatn><srcCitatn><resTitle>2013 TIGER/Line Shapefiles (machine-readable data files) / prepared by the U.S. Census Bureau, 2013</resTitle><citOnlineRes><linkage>https://www.census.gov/geo/maps-data/data/tiger-line.html</linkage><orFunct><OnFunctCd value="001"/></orFunct></citOnlineRes></srcCitatn><srcCitatn><resTitle>2012 TIGER/Line Shapefiles (machine-readable data files) / prepared by the U.S. Census Bureau, 2012</resTitle><citOnlineRes><linkage>https://www.census.gov/geo/maps-data/data/tiger-line.html</linkage><orFunct><OnFunctCd value="001"/></orFunct></citOnlineRes></srcCitatn><srcCitatn><resTitle>2011 TIGER/Line Shapefiles (machine-readable data files) / prepared by the U.S. Census Bureau, 2011</resTitle><citOnlineRes><linkage>https://www.census.gov/geo/maps-data/data/tiger-line.html</linkage><orFunct><OnFunctCd value="001"/></orFunct></citOnlineRes></srcCitatn><srcCitatn><resTitle>2010 TIGER/Line Shapefiles (machine-readable data files) / prepared by the U.S. Census Bureau, 2010</resTitle><citOnlineRes><linkage>https://www.census.gov/geo/maps-data/data/tiger-line.html</linkage></citOnlineRes></srcCitatn><srcCitatn><resTitle>2009 TIGER/Line Shapefiles (machine-readable data files) / prepared by the U.S. Census Bureau, 2009</resTitle><citOnlineRes><linkage>https://www.census.gov/geo/maps-data/data/tiger-line.html</linkage></citOnlineRes></srcCitatn><srcCitatn><resTitle>2000 TIGER/Line Files (machine-readable data files) / prepared by the U.S. Census Bureau, 2001</resTitle><citOnlineRes><linkage>https://www.census.gov/geo/maps-data/data/tiger-line.html</linkage></citOnlineRes></srcCitatn><srcCitatn><resTitle>1992 TIGER/Line Files (machine-readable data files) / prepared by the U.S. Census Bureau, 1992</resTitle><citOnlineRes><linkage>https://www.census.gov/geo/maps-data/data/tiger-line.html</linkage></citOnlineRes></srcCitatn></dataSource><dataSource xmlns="" type=""><srcCitatn><resTitle>Census of Population: 1970. Volume 1, Characteristics of the Population, Part A, Number of Inhabitants</resTitle><presForm><PresFormCd value="001"/></presForm><citOnlineRes><linkage>https://www.census.gov/prod/www/decennial.html</linkage><orFunct><OnFunctCd value="001"/></orFunct></citOnlineRes></srcCitatn><srcCitatn><resTitle>U.S. Census of Population: 1960. Volume 1, Characteristics of the Population, Part A, Number of Inhabitants</resTitle><citOnlineRes><linkage>https://www.census.gov/prod/www/decennial.html</linkage><orFunct><OnFunctCd value="001"/></orFunct></citOnlineRes><presForm><PresFormCd value="001"/></presForm></srcCitatn><srcCitatn><resTitle>U.S. Census of Population: 1950. Volume 1, Number of Inhabitants</resTitle><citOnlineRes><linkage>https://www.census.gov/prod/www/decennial.html</linkage><orFunct><OnFunctCd value="001"/></orFunct></citOnlineRes><presForm><PresFormCd value="001"/></presForm></srcCitatn><srcCitatn><resTitle>Sixteenth Census of the United States: 1940. Population: Volume 1, Number of Inhabitants</resTitle><citOnlineRes><linkage>https://www.census.gov/prod/www/decennial.html</linkage><orFunct><OnFunctCd value="001"/></orFunct></citOnlineRes><presForm><PresFormCd value="001"/></presForm></srcCitatn><srcCitatn><resTitle>Fifteenth Census of the United States: 1930. Population: Volume III, Part 1</resTitle><citOnlineRes><linkage>https://www.census.gov/prod/www/decennial.html</linkage></citOnlineRes></srcCitatn><srcCitatn><resTitle>Fourteenth Census of the United States Taken in the Year 1920. Population: Number and Distribution of Inhabitants</resTitle><citOnlineRes><linkage>https://www.census.gov/prod/www/decennial.html</linkage></citOnlineRes></srcCitatn><srcCitatn><resTitle>Thirteenth Census of the United States: 1910. Population by Counties and Minor Civil Divisions 1910, 1900, 1890</resTitle><citOnlineRes><linkage>https://www.census.gov/prod/www/decennial.html</linkage></citOnlineRes></srcCitatn><srcCitatn><resTitle>Twelfth Census of the United States, Taken in the Year 1900. Population, Part 1</resTitle><citOnlineRes><linkage>https://www.census.gov/prod/www/decennial.html</linkage></citOnlineRes></srcCitatn><srcCitatn><resTitle>Geographic Names Information System</resTitle><otherCitDet>We downloaded the Population Places topical gazetteer file and created a point shapefile from it. </otherCitDet><citOnlineRes><linkage>https://geonames.usgs.gov/domestic/</linkage></citOnlineRes></srcCitatn><srcDesc>Data sources used to create place points for 1900-1970.</srcDesc></dataSource></dataLineage></dqInfo><eainfo><detailed Name="us_place_point_2010"><enttyp><enttypl Sync="TRUE">us_place_point_2010</enttypl><enttypt Sync="TRUE">Feature Class</enttypt><enttypc Sync="TRUE">0</enttypc></enttyp><attr><attrlabl Sync="TRUE">FID</attrlabl><attalias Sync="TRUE">FID</attalias><attrtype Sync="TRUE">OID</attrtype><attwidth Sync="TRUE">4</attwidth><atprecis Sync="TRUE">0</atprecis><attscale Sync="TRUE">0</attscale><attrdef Sync="TRUE">Internal feature number.</attrdef><attrdefs Sync="TRUE">Esri</attrdefs><attrdomv><udom Sync="TRUE">Sequential unique whole numbers that are automatically generated.</udom></attrdomv></attr><attr><attrlabl Sync="TRUE">Shape</attrlabl><attalias Sync="TRUE">Shape</attalias><attrtype Sync="TRUE">Geometry</attrtype><attwidth Sync="TRUE">0</attwidth><atprecis Sync="TRUE">0</atprecis><attscale Sync="TRUE">0</attscale><attrdef Sync="TRUE">Feature geometry.</attrdef><attrdefs Sync="TRUE">Esri</attrdefs><attrdomv><udom Sync="TRUE">Coordinates defining the features.</udom></attrdomv></attr><attr><attrlabl Sync="TRUE">STATE</attrlabl><attalias Sync="TRUE">STATE</attalias><attrtype Sync="TRUE">String</attrtype><attwidth Sync="TRUE">25</attwidth><atprecis Sync="TRUE">0</atprecis><attscale Sync="TRUE">0</attscale><attrdef>Name of state or state equivalent.</attrdef><attrdefs>U.S. Census Bureau</attrdefs></attr><attr><attrlabl Sync="TRUE">NHGISST</attrlabl><attalias Sync="TRUE">NHGISST</attalias><attrtype Sync="TRUE">String</attrtype><attwidth Sync="TRUE">3</attwidth><atprecis Sync="TRUE">0</atprecis><attscale Sync="TRUE">0</attscale><attrdef>Nationally unique text code for each state, matching values given in IPUMS NHGIS data tables and boundary files. The NHGIS state code is the two character FIPS code with a '0' or other value appended. States or territories currently in existence have a '0' at the end of the code. States or territories that no longer exist have a value other than '0' at the end of the code.</attrdef><attrdefs>National Historical Geographic Information System (NHGIS)</attrdefs></attr><attr><attrlabl Sync="TRUE">PLACE</attrlabl><attalias Sync="TRUE">PLACE</attalias><attrtype Sync="TRUE">String</attrtype><attwidth Sync="TRUE">100</attwidth><atprecis Sync="TRUE">0</atprecis><attscale Sync="TRUE">0</attscale><attrdef>Name of incorporated or Census-designated place.</attrdef><attrdefs>U.S. Census Bureau</attrdefs></attr><attr><attrlabl Sync="TRUE">NAME</attrlabl><attalias Sync="TRUE">NAME</attalias><attrtype Sync="TRUE">String</attrtype><attwidth Sync="TRUE">100</attwidth><atprecis Sync="TRUE">0</atprecis><attscale Sync="TRUE">0</attscale><attrdef>Name of incorporated or Census-designated place. </attrdef><attrdefs>U.S. Census Bureau</attrdefs></attr><attr><attrlabl Sync="TRUE">NHGISPLACE</attrlabl><attalias Sync="TRUE">NHGISPLACE</attalias><attrtype Sync="TRUE">String</attrtype><attwidth Sync="TRUE">10</attwidth><atprecis Sync="TRUE">0</atprecis><attscale Sync="TRUE">0</attscale><attrdef>Nationally unique text code for each incorporated or Census-designated place. NHGISPLACE codes begin  'G' to ensure that GIS and spreadsheet software interprets the value as text, not numbers, which preserves leading zeroes. The 'G' is followed by the NHGIS state code (which is the FIPS code with a '0' appended), followed by a six-character code. The six-character code uniquely identifies a place within a year, and it can be used to link place points together across time. Points with the same NHGISPLACE code in different years represent the same incorporated or Census-designated place, even if the name or boundary has changed. 
</attrdef><attrdefs>National Historical Geographic Information System</attrdefs></attr><attr><attrlabl Sync="TRUE">YEAR</attrlabl><attalias Sync="TRUE">YEAR</attalias><attrtype Sync="TRUE">Integer</attrtype><attwidth Sync="TRUE">5</attwidth><atprecis Sync="TRUE">5</atprecis><attscale Sync="TRUE">0</attscale><attrdef>Vintage of the boundaries or maps used to create the points.</attrdef><attrdefs>U.S. Census Bureau</attrdefs></attr><attr><attrlabl Sync="TRUE">GISJOIN</attrlabl><attalias Sync="TRUE">GISJOIN</attalias><attrtype Sync="TRUE">String</attrtype><attwidth Sync="TRUE">9</attwidth><atprecis Sync="TRUE">0</atprecis><attscale Sync="TRUE">0</attscale><attrdef>Nationally unique code for each point, combining values given by the NHGISST variable, a 'G' (to ensure that GIS and spreadsheet software interprets the value as text, not numbers), and a five-character FIPS code. The GISJOIN field may be used to join Census or American Community Survey data of the same vintage as the point (e.g., 2015 ACS data may be joined to the 2015 place points using their shared GISJOIN field).</attrdef><attrdefs>National Historical Geographic Information System</attrdefs></attr></detailed></eainfo><mdLang><languageCode value="eng" Sync="TRUE"/><countryCode value="USA" Sync="TRUE"/></mdLang><mdHrLv><ScopeCd value="005" Sync="TRUE"/></mdHrLv><mdHrLvName Sync="TRUE">dataset</mdHrLvName><refSysInfo><RefSystem><refSysID><identCode code="102003" Sync="TRUE"/><idCodeSpace Sync="TRUE">Esri</idCodeSpace><idVersion Sync="TRUE">4.0.0</idVersion></refSysID></RefSystem></refSysInfo><spatRepInfo><VectSpatRep><geometObjs Name="us_place_point_2010"><geoObjTyp><GeoObjTypCd value="004" Sync="TRUE"></GeoObjTypCd></geoObjTyp><geoObjCnt Sync="TRUE">0</geoObjCnt></geometObjs><topLvl><TopoLevCd value="001" Sync="TRUE"></TopoLevCd></topLvl></VectSpatRep></spatRepInfo><spdoinfo><ptvctinf><esriterm Name="us_place_point_2010"><efeatyp Sync="TRUE">Simple</efeatyp><efeageom code="1" Sync="TRUE"></efeageom><esritopo Sync="TRUE">FALSE</esritopo><efeacnt Sync="TRUE">0</efeacnt><spindex Sync="TRUE">FALSE</spindex><linrefer Sync="TRUE">FALSE</linrefer></esriterm></ptvctinf></spdoinfo><mdDateSt Sync="TRUE">20170926</mdDateSt></metadata>
